id, name, price, link
product-21390435, Nike ñ Air Max 2090 ñ Sneaker in hellem Knochenweiﬂ, 149.99 Ä, https://www.asos.com/de/nike/nike-air-max-2090-sneaker-in-hellem-knochenwei/prd/21390435?clr=stein&colourwayid=60163247&cid=5775
product-21396902, Nike ñ Blazer Mid '77 Patch ñ Sneaker in Holl‰ndischgr¸n, 109.99 Ä, https://www.asos.com/de/nike/nike-blazer-mid-77-patch-sneaker-in-hollandischgrun/prd/21396902?clr=grun&colourwayid=60163759&cid=5775
product-21399997, Nike ñ Air Zoom-Type SE ñ Sneaker in Weiﬂ, 149.99 Ä, https://www.asos.com/de/nike/nike-air-zoom-type-se-sneaker-in-wei/prd/21399997?clr=wei&colourwayid=60163950&cid=5775
product-23580021, Vans Classic ñ Sport ñ Sneaker in Blau/Gelb, 80.00 Ä, https://www.asos.com/de/vans/vans-classic-sport-sneaker-in-blau-gelb/prd/23580021?clr=blau&colourwayid=60495140&cid=5775
product-23576344, Vans ñ Old Skool ñ Sneaker in Hellblau, 80.00 Ä, https://www.asos.com/de/vans/vans-old-skool-sneaker-in-hellblau/prd/23576344?clr=blau&colourwayid=60494981&cid=5775
product-23579807, Vans Classic ñ Sport ñ Sneaker in Burgunderrot, 80.00 Ä, https://www.asos.com/de/vans/vans-classic-sport-sneaker-in-burgunderrot/prd/23579807?clr=lila&colourwayid=60495163&cid=5775
product-23582142, Vans ñ Old Skool ñ Blaue Sneaker, 90.00 Ä, https://www.asos.com/de/vans/vans-old-skool-blaue-sneaker/prd/23582142?clr=blau&colourwayid=60495308&cid=5775
product-23582144, Vans ñ Old Skool ñ Sneaker in Khaki, 90.00 Ä, https://www.asos.com/de/vans/vans-old-skool-sneaker-in-khaki/prd/23582144?clr=grun&colourwayid=60495312&cid=5775
product-12490103, Nike ñ Air Max 270 ñ Sneaker in dreifachem Schwarz AH8050-005, 149.99 Ä, https://www.asos.com/de/nike/nike-air-max-270-sneaker-in-dreifachem-schwarz-ah8050-005/prd/12490103?clr=triple-schwarz&colourwayid=16391201&cid=5775
product-8649637, Nike ñ Air Max 270 ñ Sneaker in Weiﬂ AH8050-100, 149.99 Ä, https://www.asos.com/de/nike/nike-air-max-270-sneaker-in-wei-ah8050-100/prd/8649637?clr=wei&colourwayid=15206454&cid=5775
product-21994042, Reebok ñ NPC UK2 ñ Sneaker in Creme, 109.95 Ä, https://www.asos.com/de/reebok/reebok-npc-uk2-sneaker-in-creme/prd/21994042?clr=kreide&colourwayid=60342095&cid=5775
product-22107545, Nike ñ Air Vapormax 2020 Flyknit ñ Sneaker in Schwarz/Weiﬂ, 224.99 Ä, https://www.asos.com/de/nike/nike-air-vapormax-2020-flyknit-sneaker-in-schwarz-wei/prd/22107545?clr=schwarzwei&colourwayid=60374138&cid=5775
product-11132622, Nike ñ Air Max 270 ñ Schwarze Sneaker, 150.00 Ä, https://www.asos.com/de/nike/nike-air-max-270-schwarze-sneaker/prd/11132622?clr=schwarz&colourwayid=16295226&cid=5775
product-23398080, Nike Blazer Mid 77 ñ Sneaker aus Wildleder in Schwarz und Weiﬂ, 100.00 Ä, https://www.asos.com/de/nike/nike-blazer-mid-77-sneaker-aus-wildleder-in-schwarz-und-wei/prd/23398080?clr=schwarz&colourwayid=60478974&cid=5775
product-21935222, New Balance ñ 997H ñ Sneaker in Marineblau/Rot, 90.00 Ä, https://www.asos.com/de/new-balance/new-balance-997h-sneaker-in-marineblau-rot/prd/21935222?clr=wei&colourwayid=60310540&cid=5775
product-21926251, Under Armour ñ Running Charged Pursuit 2 ñ Sneaker in Grau, 60.00 Ä, https://www.asos.com/de/under-armour/under-armour-running-charged-pursuit-2-sneaker-in-grau/prd/21926251?clr=grau&colourwayid=60309845&cid=5775
product-22048676, Reebok ñ Training Nano X1 Grit ñ Sneaker in Schwarz, 130.00 Ä, https://www.asos.com/de/reebok/reebok-training-nano-x1-grit-sneaker-in-schwarz/prd/22048676?clr=schwarz&colourwayid=60345739&cid=5775
product-23575773, Vans Classic ñ Sneaker zum Hineinschl¸pfen in Blau/Weiﬂ, 70.00 Ä, https://www.asos.com/de/vans/vans-classic-sneaker-zum-hineinschlupfen-in-blau-wei/prd/23575773?clr=blau&colourwayid=60494962&cid=5775
product-21396908, Nike ñ Air Max 95 SE ñ Sneaker in hellem Anthrazit, 179.99 Ä, https://www.asos.com/de/nike/nike-air-max-95-se-sneaker-in-hellem-anthrazit/prd/21396908?clr=grau&colourwayid=60163762&cid=5775
product-23569732, Vans ñ SK8 ñ Knˆchelhohe Sneaker in Blau/Gelb, 90.00 Ä, https://www.asos.com/de/vans/vans-sk8-knochelhohe-sneaker-in-blau-gelb/prd/23569732?clr=blau&colourwayid=60494474&cid=5775
product-23575250, Vans Classic ñ Sneaker zum Hineinschl¸pfen in Schwarz/Weiﬂ, 70.00 Ä, https://www.asos.com/de/vans/vans-classic-sneaker-zum-hineinschlupfen-in-schwarz-wei/prd/23575250?clr=wei&colourwayid=60494936&cid=5775
product-23575235, Vans Classic ñ Sneaker zum Hineinschl¸pfen in Bandana-Optik in Schwarz/Weiﬂ, 70.00 Ä, https://www.asos.com/de/vans/vans-classic-sneaker-zum-hineinschlupfen-in-bandana-optik-in-schwarz-wei/prd/23575235?clr=wei&colourwayid=60494916&cid=5775
product-23570122, Vans ñ Sk8 ñ Knˆchelhohe Sneaker in Bandana-Weiﬂ/Schwarz, 90.00 Ä, https://www.asos.com/de/vans/vans-sk8-knochelhohe-sneaker-in-bandana-wei-schwarz/prd/23570122?clr=wei&colourwayid=60494487&cid=5775
product-23576718, Vans ñ Old Skool ñ Rosa Sneaker, 90.00 Ä, https://www.asos.com/de/vans/vans-old-skool-rosa-sneaker/prd/23576718?clr=rosa&colourwayid=60495008&cid=5775
product-23582413, Vans ñ Bold ñ Sneaker aus Wildleder in Weiﬂ/Schwarz, 90.00 Ä, https://www.asos.com/de/vans/vans-bold-sneaker-aus-wildleder-in-wei-schwarz/prd/23582413?clr=schwarz&colourwayid=60495325&cid=5775
product-23576710, Vans ñ Old Skool ñ Sneaker in Blau/Weiﬂ, 90.00 Ä, https://www.asos.com/de/vans/vans-old-skool-sneaker-in-blau-wei/prd/23576710?clr=wei&colourwayid=60495014&cid=5775
product-23004468, PUMA ñ CA Pro Heritage ñ Sneaker in Weiﬂ und Gr¸n, 90.00 Ä, https://www.asos.com/de/puma/puma-ca-pro-heritage-sneaker-in-wei-und-grun/prd/23004468?clr=puma-wei&colourwayid=60443330&cid=5775
product-21994037, Reebok ñ Ad Court ñ Sneaker in Weiﬂ und Gr¸n, 99.95 Ä, https://www.asos.com/de/reebok/reebok-ad-court-sneaker-in-wei-und-grun/prd/21994037?clr=wei&colourwayid=60342069&cid=5775
product-22496974, New Balance ñ 527 ñ Rote Sneaker, 89.99 Ä, https://www.asos.com/de/new-balance/new-balance-527-rote-sneaker/prd/22496974?clr=rain-cloud&colourwayid=60402781&cid=5775
product-21925294, Under Armour ñ Training Charged Engage ñ Schwarze Sneaker, 70.00 Ä, https://www.asos.com/de/under-armour/under-armour-training-charged-engage-schwarze-sneaker/prd/21925294?clr=schwarz&colourwayid=60309826&cid=5775
product-13987331, Reebok ñ Klassische, graue Sneaker aus Nylon, 69.95 Ä, https://www.asos.com/de/reebok/reebok-klassische-graue-sneaker-aus-nylon/prd/13987331?clr=gy1-grau-1&colourwayid=16582590&cid=5775
product-20983387, Nike Running ñ Quest 3 ñ Schwarze Sneaker, 74.99 Ä, https://www.asos.com/de/nike-running/nike-running-quest-3-schwarze-sneaker/prd/20983387?clr=schwarz&colourwayid=60131647&cid=5775
product-23569742, Vans ñ Sk8-Hi ñ Sneaker in Grau/Burgunder, 90.00 Ä, https://www.asos.com/de/vans/vans-sk8-hi-sneaker-in-grau-burgunder/prd/23569742?clr=grau&colourwayid=60494470&cid=5775
product-23574640, Vans ñ Sk8-Hi ñ Sneaker in Khaki, 100.00 Ä, https://www.asos.com/de/vans/vans-sk8-hi-sneaker-in-khaki/prd/23574640?clr=grun&colourwayid=60494867&cid=5775
product-23575233, Vans ñ Classic ñ Sneaker zum Hineinschl¸pfen mit Schachbrettmuster in Blau, 70.00 Ä, https://www.asos.com/de/vans/vans-classic-sneaker-zum-hineinschlupfen-mit-schachbrettmuster-in-blau/prd/23575233?clr=blau&colourwayid=60494913&cid=5775
product-23575783, Vans ñ Era ñ Sneakers in Schwarz/Rot, 75.00 Ä, https://www.asos.com/de/vans/vans-era-sneakers-in-schwarz-rot/prd/23575783?clr=schwarz&colourwayid=60494949&cid=5775
product-22298244, Vans ñ Old Skool Gore-Tex ñ Sneaker in Schwarz, 120.00 Ä, https://www.asos.com/de/vans/vans-old-skool-gore-tex-sneaker-in-schwarz/prd/22298244?clr=text-schwarz-zitronengelb&colourwayid=60388054&cid=5775
product-21396621, Nike ñ Air Max 95 Revival ñ Sneaker in Schwarz, 169.99 Ä, https://www.asos.com/de/nike/nike-air-max-95-revival-sneaker-in-schwarz/prd/21396621?clr=schwarz&colourwayid=60163742&cid=5775
product-22724913, Nike ñ Air Zoom Type in 3M, 202.99 Ä, https://www.asos.com/de/nike/nike-air-zoom-type-in-3m/prd/22724913?clr=schwarz-3m&colourwayid=60419951&cid=5775
product-22795391, Nike ñ Exosense ñ Sneaker in Triple-Schwarz, 124.99 Ä, https://www.asos.com/de/nike/nike-exosense-sneaker-in-triple-schwarz/prd/22795391?clr=schwarz&colourwayid=60426762&cid=5775
product-21397432, Nike ñ Dbreak-Type SE ñ Sneaker in Stadion-Gr¸n, 99.99 Ä, https://www.asos.com/de/nike/nike-dbreak-type-se-sneaker-in-stadion-grun/prd/21397432?clr=grun&colourwayid=60163795&cid=5775
product-22433915, Nike SB ñ Adversary ñ Sneaker in Summit-Weiﬂ/Gummi, 84.99 Ä, https://www.asos.com/de/nike-sb/nike-sb-adversary-sneaker-in-summit-wei-gummi/prd/22433915?clr=wei-gummi&colourwayid=60397848&cid=5775
product-21934550, New Balance ñ 530 ñ Sneaker in Weiﬂ/Schwarz, 100.00 Ä, https://www.asos.com/de/new-balance/new-balance-530-sneaker-in-wei-schwarz/prd/21934550?clr=wei&colourwayid=60310524&cid=5775
product-22990613, Emporio Armani ñ Weiﬂe Sneaker mit groﬂem Adlerlogo, 180.00 Ä, https://www.asos.com/de/emporio-armani/emporio-armani-weie-sneaker-mit-groem-adlerlogo/prd/22990613?clr=wei&colourwayid=60442353&cid=5775
product-22990602, Emporio Armani ñ Sneaker aus Leder in Weiﬂ mit gummiertem Logoprint in Kontrastfarbe, 190.00 Ä, https://www.asos.com/de/emporio-armani/emporio-armani-sneaker-aus-leder-in-wei-mit-gummiertem-logoprint-in-kontrastfarbe/prd/22990602?clr=wei&colourwayid=60442342&cid=5775
product-23029712, BOSS ñ Titanium Runn ñ Leichte Sneaker mit goldenem Logo in Schwarz, 199.00 Ä, https://www.asos.com/de/boss/boss-titanium-runn-leichte-sneaker-mit-goldenem-logo-in-schwarz/prd/23029712?clr=schwarz&colourwayid=60445178&cid=5775
product-22990605, Emporio Armani ñ Sneaker aus Leder in Schwarz mit gummiertem Logoprint in Kontrastfarbe, 190.00 Ä, https://www.asos.com/de/emporio-armani/emporio-armani-sneaker-aus-leder-in-schwarz-mit-gummiertem-logoprint-in-kontrastfarbe/prd/22990605?clr=schwarz&colourwayid=60442345&cid=5775
product-20512039, adidas ñ Running Ultraboost 20 ñ Sneaker in Grau, 190.00 Ä, https://www.asos.com/de/adidas-performance/adidas-running-ultraboost-20-sneaker-in-grau/prd/20512039?clr=grau&colourwayid=60059985&cid=5775
product-21934555, New Balance ñ 530 Sneaker in Weiﬂ/Rot, 100.00 Ä, https://www.asos.com/de/new-balance/new-balance-530-sneaker-in-wei-rot/prd/21934555?clr=wei&colourwayid=60310502&cid=5775
product-23576695, Vans ñ Style 36 ñ Sneaker mit Bandana-Muster in Schwarz/Weiﬂ, 80.00 Ä, https://www.asos.com/de/vans/vans-style-36-sneaker-mit-bandana-muster-in-schwarz-wei/prd/23576695?clr=wei&colourwayid=60495020&cid=5775
product-22201324, Reebok Classics ñ CL Legacy ñ Sneaker in Hellblau, 89.95 Ä, https://www.asos.com/de/reebok/reebok-classics-cl-legacy-sneaker-in-hellblau/prd/22201324?clr=blau&colourwayid=60381015&cid=5775
product-21293779, Nike Running ñ Pegasus Trail 2 ñ Goretex-Sneaker in Grau, 149.99 Ä, https://www.asos.com/de/nike-running/nike-running-pegasus-trail-2-goretex-sneaker-in-grau/prd/21293779?clr=grau&colourwayid=60154354&cid=5775
product-21212592, adidas Originals ñ Forum 84 Low ñ Sneaker in gebrochenem Weiﬂ, 109.95 Ä, https://www.asos.com/de/adidas-originals/adidas-originals-forum-84-low-sneaker-in-gebrochenem-wei/prd/21212592?clr=wei&colourwayid=60148351&cid=5775
product-21397437, Nike ñ Dbreak-Type Regrind ñ Sneaker in Photonenstaub, 99.99 Ä, https://www.asos.com/de/nike/nike-dbreak-type-regrind-sneaker-in-photonenstaub/prd/21397437?clr=grau&colourwayid=60163792&cid=5775
product-23555593, Jack & Jones ñ Schwarze Sneaker aus Kunstleder mit Kontrastsohle, 54.99 Ä, https://www.asos.com/de/jack-jones/jack-jones-schwarze-sneaker-aus-kunstleder-mit-kontrastsohle/prd/23555593?clr=anthracite&colourwayid=60493429&cid=5775
product-22027046, Asics ñ Running Patriot 12 ñ Sneaker in Schwarz und Weiﬂ, 60.00 Ä, https://www.asos.com/de/asics/asics-running-patriot-12-sneaker-in-schwarz-und-wei/prd/22027046?clr=schwarz&colourwayid=60344206&cid=5775
product-21397433, Nike ñ D/MS/X Waffle Regrind ñ Sneaker in Team-Orange, 99.99 Ä, https://www.asos.com/de/nike/nike-d-ms-x-waffle-regrind-sneaker-in-team-orange/prd/21397433?clr=orange&colourwayid=60163800&cid=5775
product-21396903, Nike ñ Challenger OG Regrind ñ Sneaker in Summit Weiﬂ, 89.99 Ä, https://www.asos.com/de/nike/nike-challenger-og-regrind-sneaker-in-summit-wei/prd/21396903?clr=wei&colourwayid=60163756&cid=5775
product-21925303, Under Armour ñ Training HOVR Phantom 2 ñ Sneaker in Schwarz, 150.00 Ä, https://www.asos.com/de/under-armour/under-armour-training-hovr-phantom-2-sneaker-in-schwarz/prd/21925303?clr=schwarz&colourwayid=60309836&cid=5775
product-21399011, Nike ñ Air Vapormax Evo ñ Sneaker in Wolfsgrau/Weiﬂ, 214.99 Ä, https://www.asos.com/de/nike/nike-air-vapormax-evo-sneaker-in-wolfsgrau-wei/prd/21399011?clr=hellgrau-wei&colourwayid=60163881&cid=5775
product-23894908, Nike ñ Reposto ñ Sneaker in Schwarz und Weiﬂ, 79.99 Ä, https://www.asos.com/de/nike/nike-reposto-sneaker-in-schwarz-und-wei/prd/23894908?clr=schwarz-wei&colourwayid=60521464&cid=5775
product-21807562, ASOS DESIGN ñ Gestrickte Sneaker in Rosa, 43.99 Ä, https://www.asos.com/de/asos-design/asos-design-gestrickte-sneaker-in-rosa/prd/21807562?clr=rosa&colourwayid=60300815&cid=5775
product-21398492, Nike ñ Space Hippie 04 ñ Sneaker in Rauchgrau, 139.99 Ä, https://www.asos.com/de/nike/nike-space-hippie-04-sneaker-in-rauchgrau/prd/21398492?clr=hellgrau&colourwayid=60163835&cid=5775
product-23664306, New Look ñ Weiﬂe Sneaker mit weiﬂen Seitenstreifen, 32.99 Ä, https://www.asos.com/de/new-look/new-look-weie-sneaker-mit-weien-seitenstreifen/prd/23664306?clr=wei&colourwayid=60502171&cid=5775
product-21348751, Nike SB ñ Chron Solarsoft ñ Sneaker in Schwarz, 64.99 Ä, https://www.asos.com/de/nike-sb/nike-sb-chron-solarsoft-sneaker-in-schwarz/prd/21348751?clr=schwarz&colourwayid=60159604&cid=5775
product-23664206, New Look ñ Knˆchelhohe Sneaker in Grau, 38.99 Ä, https://www.asos.com/de/new-look/new-look-knochelhohe-sneaker-in-grau/prd/23664206?clr=grau&colourwayid=60502157&cid=5775
product-21348725, Nike SB ñ Chron Solarsoft ñ Sneaker in Marineblau/Gummi, 64.99 Ä, https://www.asos.com/de/nike-sb/nike-sb-chron-solarsoft-sneaker-in-marineblau-gummi/prd/21348725?clr=marineblau&colourwayid=60159627&cid=5775
product-21398504, Nike ñ Air Vapormax Evo ñ Sneaker in Anthrazit/Tech-Grau, 214.99 Ä, https://www.asos.com/de/nike/nike-air-vapormax-evo-sneaker-in-anthrazit-tech-grau/prd/21398504?clr=grau&colourwayid=60163847&cid=5775
product-22990238, Emporio Armani ñ Schwarze Sneaker aus Leder mit Adler-Logo auf der Sohle, 220.00 Ä, https://www.asos.com/de/emporio-armani/emporio-armani-schwarze-sneaker-aus-leder-mit-adler-logo-auf-der-sohle/prd/22990238?clr=schwarz&colourwayid=60442326&cid=5775
product-22990600, Emporio Armani ñ Sneaker mit Adler-Logo und Wildledereins‰tzen in Marineblau, 170.00 Ä, https://www.asos.com/de/emporio-armani/emporio-armani-sneaker-mit-adler-logo-und-wildledereinsatzen-in-marineblau/prd/22990600?clr=marineblau&colourwayid=60442347&cid=5775
product-21399438, Nike ñ Air Vapormax 2020 Flyknit ñSneaker in hellem Elfenbein, 224.99 Ä, https://www.asos.com/de/nike/nike-air-vapormax-2020-flyknit-sneaker-in-hellem-elfenbein/prd/21399438?clr=stein&colourwayid=60163899&cid=5775
product-22047015, ASOS Design ñ Sneaker mit mehreren Eins‰tzen in grau gemischt, 43.99 Ä, https://www.asos.com/de/asos-design/asos-design-sneaker-mit-mehreren-einsatzen-in-grau-gemischt/prd/22047015?clr=grau&colourwayid=60345411&cid=5775
